batch,feature,n,missing_n,min,median,max
Batch 1,dQ_log_var,46,0,-5.0144265311867695,-3.8507251667583704,-3.34990353982557
Batch 1,QD_slope,46,0,-0.00016084888888888828,-1.0031111111112138e-05,2.333555555555675e-05
Batch 1,chargetime_10,46,0,8.981218333333345,11.001237499999963,13.426406666666661
Batch 1,c_rate_1,46,0,3.6,6.0,8.0
Batch 1,cycle_life,46,0,534.0,858.5,1227.0
Batch 2,dQ_log_var,47,0,-4.770176374855135,-3.4944464801006045,-2.68448329757314
Batch 2,QD_slope,47,0,-0.0006988199999999988,2.8244444444454803e-06,0.012027597777777779
Batch 2,chargetime_10,47,0,6.503149999999732,10.173658333333394,24.232323333333383
Batch 2,c_rate_1,47,0,2.0,5.2,8.0
Batch 2,cycle_life,47,8,392.0,472.0,1186.0
