cell_id,charging_policy,cycle_life,dQ_log_var,QD_slope,chargetime_10,c_rate_1,prediction,residual,APE (%),feature_outside_batch1,policy_seen_in_batch1,structure_group
batch2_cell_00,5.2C(58%)-4C,477.0,-3.486830284527127,1.7272222222221148e-05,10.172471666666631,5.2,727.528371791545,-250.52837179154506,52.52167123512474,False,False,standard
batch2_cell_01,5.6C(26%)-4.5C,491.0,-3.297616853702019,-7.52133333333349e-05,10.177893333333243,5.6,625.9057203695819,-134.9057203695819,27.47570679624886,True,False,standard
batch2_cell_02,5.2C(50%)-4.25C,424.0,-3.4598138533388,-6.39977777777788e-05,10.17450666666676,5.2,682.4892575256076,-258.4892575256076,60.964447529624444,False,False,standard
batch2_cell_03,4.65C(44%)-5C,499.0,-3.4958084852006754,2.1117777777779344e-05,10.17329333333352,4.65,744.3552133954173,-245.3552133954173,49.169381441967396,False,False,standard
batch2_cell_04,4.65C(69%)-6C,444.0,-3.232072300452541,-0.00010394444444444447,10.220871666666547,4.65,618.8862240319223,-174.88622403192232,39.3887891963789,True,False,standard
batch2_cell_05,3.6C(30%)-6C,416.0,-3.0854472125051675,-0.00025227999999999855,10.178833333333507,3.6,533.7166989975542,-117.7166989975542,28.297283412873607,True,False,standard
batch2_cell_06,3.6C(9%)-5C,393.0,-3.5296051747279322,2.8244444444454803e-06,10.178313333333305,3.6,768.9407249438868,-375.94072494388683,95.65921754297375,False,False,standard
batch2_cell_07,4.8C(80%)-4.8C-newstructure,777.0,-4.231235578131387,7.6974444444443e-05,10.036118333333434,4.8,953.370373514713,-176.37037351471304,22.69888977023334,True,False,newstructure
batch2_cell_08,5.2C(58%)-4C-newstructure,904.0,-4.101987968526722,-8.55555555555486e-06,10.040836666666534,5.2,870.6021571603918,33.39784283960819,3.694451641549578,False,False,newstructure
batch2_cell_09,5.6C(26%)-4.5C-newstructure,791.0,-4.343991170888546,-1.148555555555338e-05,10.040009999999892,5.6,923.0420876128778,-132.04208761287782,16.69305785244979,False,False,newstructure
batch2_cell_10,4.8C(80%)-4.8C,492.0,-3.450465601523543,7.072444444444277e-05,10.16921333333327,4.8,752.1767929665608,-260.1767929665608,52.88146198507333,True,True,standard
batch2_cell_11,5.2C(50%)-4.25C,449.0,-3.484958709205863,0.00011635444444444421,10.174084999999954,5.2,773.5284486970223,-324.5284486970223,72.27805093474885,True,False,standard
batch2_cell_12,4.65C(44%)-5C,466.0,-3.167533856376959,4.300666666666607e-05,10.174125000000155,4.65,669.1198483222406,-203.1198483222406,43.58795028374262,True,False,standard
batch2_cell_13,4.65C(69%)-6C,460.0,-3.344013210109811,-1.8572222222220288e-05,10.200721666666746,4.65,687.2721449684461,-227.27214496844613,49.40698803661872,True,False,standard
batch2_cell_14,3.6C(30%)-6C,426.0,-3.1180854544748184,-8.102111111111131e-05,10.207044999999926,3.6,623.5541891495654,-197.55418914956545,46.37422280506231,True,False,standard
batch2_cell_15,3.6C(9%)-5C,396.0,-3.5158174150026964,6.548777777777786e-05,10.173625000000175,3.6,794.5285643319145,-398.5285643319145,100.63852634644306,True,False,standard
batch2_cell_16,4.8C(80%)-4.8C,472.0,-3.4944464801006045,-2.7623333333333852e-05,10.17148166666666,4.8,717.6413956778855,-245.6413956778855,52.0426685758232,False,True,standard
batch2_cell_17,5.6C(26%)-4.5C,471.0,-3.4999096167000205,2.063888888888717e-05,10.176296666666651,5.6,723.4581275881424,-252.45812758814236,53.600451717227685,False,False,standard
batch2_cell_18,5.2C(50%)-4.25C,449.0,-3.7068682244022804,7.975333333333346e-05,10.173968333333324,5.2,814.18725934307,-365.18725934306997,81.33346533253228,True,False,standard
batch2_cell_19,6C(60%)-3C,392.0,-3.2915234927686763,6.762222222220535e-06,10.173619999999937,6.0,653.3599402493576,-261.3599402493576,66.67345414524428,True,True,standard
batch2_cell_20,5.2C(58%)-4C,489.0,-3.440870919636383,4.2868888888886796e-05,10.172301666666803,5.2,727.541657957285,-238.541657957285,48.78152514463906,True,False,standard
batch2_cell_21,6C(60%)-3C,408.0,-3.326244563425288,-2.5736666666665976e-05,10.173838333333212,6.0,647.1866107013869,-239.18661070138694,58.624169289555624,True,True,standard
batch2_cell_24,4.8C(80%)-4.8C,514.0,-3.640450756301035,6.985111111111023e-05,10.16861333333339,4.8,801.2402083540322,-287.24020835403223,55.88330901829421,True,True,standard
batch2_cell_25,5.2C(58%)-4C,493.0,-3.5340434182477156,5.951222222222194e-05,10.17333333333348,5.2,759.6535559023482,-266.6535559023482,54.08794237370146,True,False,standard
batch2_cell_26,5.6C(26%)-4.5C,450.0,-3.2216190960192623,4.5555555555508595e-07,10.176635000000049,5.6,641.5127038486672,-191.51270384866723,42.558378633037165,True,False,standard
batch2_cell_27,5.2C(50%)-4.25C,474.0,-3.4857691211237922,7.720888888888864e-05,10.17448666666678,5.2,755.4133262392454,-281.4133262392454,59.36990005047371,True,False,standard
batch2_cell_28,4.8C(80%)-4.8C,437.0,-3.4229766573491887,6.58911111111123e-05,10.17280166666654,4.8,742.8892758353826,-305.8892758353826,69.99754595775345,True,True,standard
batch2_cell_29,5.2C(58%)-4C,452.0,-3.5078136673204168,0.00011363888888888951,10.173658333333394,5.2,778.1938529914959,-326.1938529914959,72.1667816352867,True,False,standard
batch2_cell_30,5.6C(26%)-4.5C,412.0,-3.1849750475008567,-6.576555555555499e-05,10.178696666666657,5.6,601.0175961318463,-189.0175961318463,45.878057313554926,True,False,standard
batch2_cell_31,5.6C(26%)-4.5C,425.0,-3.3519243197132917,2.3031111111112187e-05,10.256875000000097,5.6,689.1398897340418,-264.13988973404184,62.150562290362785,False,False,standard
batch2_cell_32,4.8C(80%)-4.8C-newstructure,809.0,-4.131031643392329,-4.229222222222143e-05,10.04147166666662,4.8,871.5889148206064,-62.58891482060642,7.736577851743685,False,False,newstructure
batch2_cell_33,5.2C(58%)-4C-newstructure,1140.0,-4.2311938075637325,-6.407111111111055e-05,10.038670000000032,5.2,878.1677100785885,261.83228992141153,22.96774472994838,False,False,newstructure
batch2_cell_34,5.6C(26%)-4.5C-newstructure,1186.0,-4.448150661550735,-4.828444444444388e-05,10.039586666666825,5.6,932.9195938967807,253.08040610321927,21.33898871022085,False,False,newstructure
batch2_cell_41,5.6C(26%)-4.5C,442.0,-3.17193129840298,3.450444444444361e-05,10.256835000000137,5.6,647.6215978815908,-205.6215978815908,46.52072350262235,True,False,standard
batch2_cell_42,5.2C(50%)-4.25C,474.0,-3.4821531362335185,9.433777777777911e-05,10.176453333333484,5.2,762.5730912045283,-288.5730912045283,60.8803989882971,True,False,standard
batch2_cell_43,4.8C(80%)-4.8C-newstructure,1029.0,-4.27134741684955,-3.450888888889065e-05,10.037636666666609,4.8,911.6432969678528,117.35670303214715,11.404927408371929,False,False,newstructure
batch2_cell_44,5.2C(58%)-4C-newstructure,841.0,-4.3640889685513224,-1.132111111111161e-05,10.039578333333338,5.2,937.5414716707398,-96.54147167073984,11.479366429338864,False,False,newstructure
batch2_cell_45,5.6C(26%)-4.5C-newstructure,997.0,-4.174780437396987,-3.9495555555555146e-05,10.040560000000065,5.6,865.855605501809,131.144394498191,13.153901153278936,False,False,newstructure
batch2_cell_46,4.8C(80%)-4.8C,503.0,-3.5084406210446826,-2.0190000000000178e-05,10.170483333333202,4.8,724.731537369219,-221.73153736921904,44.08181657439742,False,True,standard
