feature,domain_reason,spearman_rho,spearman_p_fdr,VIF,ols_p_HC3,elastic_coef,selected,evidence
dQ_log_var,초기 방전 곡선 변화의 크기,-0.8711607269559923,5.575997727369335e-14,39.67782082047116,0.8534307833219104,-0.023235703739384952,True,다중공선성 검토
dQ_min,ΔQ 곡선의 최대 음의 변화,0.8500061691261938,9.448730705864924e-13,147.9000567588268,0.14385561268975264,0.14394164996012074,True,다중공선성 검토
dQ_abs_area,전압 전 구간의 누적 변화량,-0.8281115101478308,8.532203012656531e-12,114.89251024853247,0.273576191909078,-0.0,False,다중공선성 검토
QD_slope,초기 방전 용량 감소 속도,0.6126187257241679,2.0752302986370958e-05,5.965348877409673,0.9904890942771032,0.0,False,CV 기여 추가 검토
IR_slope,초기 내부 저항 증가 속도,-0.24028617290056964,0.13974800641589735,3.598913848090581,0.98287602369476,0.0,False,CV 기여 추가 검토
Tavg_10,초기 평균 열 스트레스,-0.3461206371452764,0.030555779223806336,37.36570642242357,0.996220907730777,-0.0,False,다중공선성 검토
Tmax_10,초기 최고 열 스트레스,-0.26982854374743126,0.10146066253694382,28.040362233963528,0.8313350040193257,-0.014138220108503439,True,CV 기여 추가 검토
chargetime_10,초기 충전 거동,0.6303194781939995,1.4257046210062262e-05,7.687783147552072,0.43727353850861084,0.009913378500595428,True,우선 후보
c_rate_1,초기 급속 충전 강도,-0.48271400298540956,0.0016315922803000983,12.661804382492472,0.46066877375362103,-0.0,False,다중공선성 검토
switch_soc,충전 단계 전환 조건,0.18515925395200944,0.24911184108126644,9.664766044656071,0.42340725339715124,-0.0,False,CV 기여 추가 검토
c_rate_2,후반 충전 강도,0.04741433338534666,0.7704023972720921,3.3473153533677946,0.9632702506345827,0.0,False,CV 기여 추가 검토
